[{"model": "contenttypes.contenttype", "pk": 1, "fields": {"app_label": "admin", "model": "logentry"}}, {"model": "contenttypes.contenttype", "pk": 2, "fields": {"app_label": "auth", "model": "permission"}}, {"model": "contenttypes.contenttype", "pk": 3, "fields": {"app_label": "auth", "model": "user"}}, {"model": "contenttypes.contenttype", "pk": 4, "fields": {"app_label": "auth", "model": "group"}}, {"model": "contenttypes.contenttype", "pk": 5, "fields": {"app_label": "contenttypes", "model": "contenttype"}}, {"model": "contenttypes.contenttype", "pk": 6, "fields": {"app_label": "sessions", "model": "session"}}, {"model": "contenttypes.contenttype", "pk": 7, "fields": {"app_label": "books", "model": "book"}}, {"model": "contenttypes.contenttype", "pk": 8, "fields": {"app_label": "books", "model": "author"}}, {"model": "contenttypes.contenttype", "pk": 9, "fields": {"app_label": "books", "model": "publisher"}}, {"model": "contenttypes.contenttype", "pk": 10, "fields": {"app_label": "books", "model": "person"}}, {"model": "contenttypes.contenttype", "pk": 11, "fields": {"app_label": "blog", "model": "entry"}}, {"model": "contenttypes.contenttype", "pk": 12, "fields": {"app_label": "blog", "model": "blog"}}, {"model": "contenttypes.contenttype", "pk": 13, "fields": {"app_label": "blog", "model": "author"}}, {"model": "contenttypes.contenttype", "pk": 14, "fields": {"app_label": "blog", "model": "article"}}, {"model": "contenttypes.contenttype", "pk": 15, "fields": {"app_label": "blog", "model": "tag"}}, {"model": "sessions.session", "pk": "0rnme0at0podp3g22ca9xbq3sap6kbha", "fields": {"session_data": "OTZhYWM1ODI3MjcxMzk2OWM1ZDc4MzJjMmZiOTE5ZTVhODUyMzliZDp7Il9hdXRoX3VzZXJfaGFzaCI6ImNmMjJjNjEwOGYxNGJiNjAyMmNmZDc3ZTNjZTQ0MjYzY2I5ZGIzNzIiLCJfYXV0aF91c2VyX2JhY2tlbmQiOiJkamFuZ28uY29udHJpYi5hdXRoLmJhY2tlbmRzLk1vZGVsQmFja2VuZCIsIl9hdXRoX3VzZXJfaWQiOiIxIn0=", "expire_date": "2017-11-23T01:46:47Z"}}, {"model": "sessions.session", "pk": "lkgwfbf81orqicx5tph1vafsyj2j8izm", "fields": {"session_data": "MDRkNzg1NjBlNDMzMjAwYWQ3MzFiYTVmNTIxNjQ0ZmNmMTdiYzY0Mjp7Il9hdXRoX3VzZXJfaGFzaCI6IjVlZjBkNmY1NTM1YjBjYWQyOGM5ZjY1MmNlOGFmZGFkNGQyOGU3ZTUiLCJfYXV0aF91c2VyX2JhY2tlbmQiOiJkamFuZ28uY29udHJpYi5hdXRoLmJhY2tlbmRzLk1vZGVsQmFja2VuZCIsIl9hdXRoX3VzZXJfaWQiOiIxIn0=", "expire_date": "2017-10-25T06:11:54Z"}}, {"model": "sessions.session", "pk": "urc1bvv6um0bw5sbu4ldgn3dy58khonv", "fields": {"session_data": "OTZhYWM1ODI3MjcxMzk2OWM1ZDc4MzJjMmZiOTE5ZTVhODUyMzliZDp7Il9hdXRoX3VzZXJfaGFzaCI6ImNmMjJjNjEwOGYxNGJiNjAyMmNmZDc3ZTNjZTQ0MjYzY2I5ZGIzNzIiLCJfYXV0aF91c2VyX2JhY2tlbmQiOiJkamFuZ28uY29udHJpYi5hdXRoLmJhY2tlbmRzLk1vZGVsQmFja2VuZCIsIl9hdXRoX3VzZXJfaWQiOiIxIn0=", "expire_date": "2017-10-10T05:04:50Z"}}, {"model": "books.publisher", "pk": 1, "fields": {"name": "Addison-Wesley", "address": "75 Arlington Street", "city": "Boston", "state_province": "MA", "country": "U.S.A.", "website": "http://www.apress.com/"}}, {"model": "books.person", "pk": 1, "fields": {"name": "zhong", "age": 55}}, {"model": "books.person", "pk": 2, "fields": {"name": "liu", "age": 4}}, {"model": "books.person", "pk": 3, "fields": {"name": "zhong", "age": 55}}, {"model": "books.person", "pk": 4, "fields": {"name": "WeizhongTu", "age": 24}}, {"model": "books.person", "pk": 5, "fields": {"name": "hou", "age": 13}}, {"model": "blog.author", "pk": 1, "fields": {"name": "WeizhongTu", "qq": "911342576", "addr": "addr_1", "email": "addr_1@ziqiangxuetang.com"}}, {"model": "blog.author", "pk": 2, "fields": {"name": "twz915", "qq": "693763087", "addr": "addr_1", "email": "addr_1@ziqiangxuetang.com"}}, {"model": "blog.author", "pk": 3, "fields": {"name": "dachui", "qq": "911839896", "addr": "addr_1", "email": "addr_1@ziqiangxuetang.com"}}, {"model": "blog.author", "pk": 4, "fields": {"name": "zhe", "qq": "466203797", "addr": "addr_1", "email": "addr_1@ziqiangxuetang.com"}}, {"model": "blog.author", "pk": 5, "fields": {"name": "zhen", "qq": "778058244", "addr": "addr_1", "email": "addr_1@ziqiangxuetang.com"}}, {"model": "blog.article", "pk": 1, "fields": {"title": "Django \u6559\u7a0b_1", "author": 4, "content": "Django \u6559\u7a0b_1 \u6b63\u6587", "score": 72, "tags": [1]}}, {"model": "blog.article", "pk": 2, "fields": {"title": "Django \u6559\u7a0b_2", "author": 4, "content": "Django \u6559\u7a0b_2 \u6b63\u6587", "score": 86, "tags": [1]}}, {"model": "blog.article", "pk": 3, "fields": {"title": "Django \u6559\u7a0b_3", "author": 4, "content": "Django \u6559\u7a0b_3 \u6b63\u6587", "score": 96, "tags": [1]}}, {"model": "blog.article", "pk": 4, "fields": {"title": "Django \u6559\u7a0b_4", "author": 4, "content": "Django \u6559\u7a0b_4 \u6b63\u6587", "score": 98, "tags": [1]}}, {"model": "blog.article", "pk": 5, "fields": {"title": "Django \u6559\u7a0b_5", "author": 4, "content": "Django \u6559\u7a0b_5 \u6b63\u6587", "score": 75, "tags": [1]}}, {"model": "blog.article", "pk": 6, "fields": {"title": "Django \u6559\u7a0b_6", "author": 4, "content": "Django \u6559\u7a0b_6 \u6b63\u6587", "score": 77, "tags": [1]}}, {"model": "blog.article", "pk": 7, "fields": {"title": "Django \u6559\u7a0b_7", "author": 4, "content": "Django \u6559\u7a0b_7 \u6b63\u6587", "score": 86, "tags": [1]}}, {"model": "blog.article", "pk": 8, "fields": {"title": "Django \u6559\u7a0b_8", "author": 4, "content": "Django \u6559\u7a0b_8 \u6b63\u6587", "score": 80, "tags": [1]}}, {"model": "blog.article", "pk": 9, "fields": {"title": "Django \u6559\u7a0b_9", "author": 4, "content": "Django \u6559\u7a0b_9 \u6b63\u6587", "score": 91, "tags": [1]}}, {"model": "blog.article", "pk": 10, "fields": {"title": "Django \u6559\u7a0b_10", "author": 4, "content": "Django \u6559\u7a0b_10 \u6b63\u6587", "score": 85, "tags": [1]}}, {"model": "blog.article", "pk": 11, "fields": {"title": "Django \u6559\u7a0b_11", "author": 4, "content": "Django \u6559\u7a0b_11 \u6b63\u6587", "score": 83, "tags": [1]}}, {"model": "blog.article", "pk": 12, "fields": {"title": "Django \u6559\u7a0b_12", "author": 4, "content": "Django \u6559\u7a0b_12 \u6b63\u6587", "score": 96, "tags": [1]}}, {"model": "blog.article", "pk": 13, "fields": {"title": "Django \u6559\u7a0b_13", "author": 4, "content": "Django \u6559\u7a0b_13 \u6b63\u6587", "score": 88, "tags": [1]}}, {"model": "blog.article", "pk": 14, "fields": {"title": "Django \u6559\u7a0b_14", "author": 4, "content": "Django \u6559\u7a0b_14 \u6b63\u6587", "score": 83, "tags": [1]}}, {"model": "blog.article", "pk": 15, "fields": {"title": "Django \u6559\u7a0b_15", "author": 4, "content": "Django \u6559\u7a0b_15 \u6b63\u6587", "score": 74, "tags": [1]}}, {"model": "blog.article", "pk": 16, "fields": {"title": "Django \u6559\u7a0b_16", "author": 4, "content": "Django \u6559\u7a0b_16 \u6b63\u6587", "score": 79, "tags": [1]}}, {"model": "blog.article", "pk": 17, "fields": {"title": "Django \u6559\u7a0b_17", "author": 4, "content": "Django \u6559\u7a0b_17 \u6b63\u6587", "score": 74, "tags": [1]}}, {"model": "blog.article", "pk": 18, "fields": {"title": "Django \u6559\u7a0b_18", "author": 4, "content": "Django \u6559\u7a0b_18 \u6b63\u6587", "score": 75, "tags": [1]}}, {"model": "blog.article", "pk": 19, "fields": {"title": "Django \u6559\u7a0b_19", "author": 4, "content": "Django \u6559\u7a0b_19 \u6b63\u6587", "score": 74, "tags": [1]}}, {"model": "blog.article", "pk": 20, "fields": {"title": "Django \u6559\u7a0b_20", "author": 4, "content": "Django \u6559\u7a0b_20 \u6b63\u6587", "score": 89, "tags": [1]}}, {"model": "blog.article", "pk": 21, "fields": {"title": "Python \u6559\u7a0b_1", "author": 3, "content": "Python \u6559\u7a0b_1 \u6b63\u6587", "score": 97, "tags": [2]}}, {"model": "blog.article", "pk": 22, "fields": {"title": "Python \u6559\u7a0b_2", "author": 3, "content": "Python \u6559\u7a0b_2 \u6b63\u6587", "score": 88, "tags": [2]}}, {"model": "blog.article", "pk": 23, "fields": {"title": "Python \u6559\u7a0b_3", "author": 3, "content": "Python \u6559\u7a0b_3 \u6b63\u6587", "score": 73, "tags": [2]}}, {"model": "blog.article", "pk": 24, "fields": {"title": "Python \u6559\u7a0b_4", "author": 3, "content": "Python \u6559\u7a0b_4 \u6b63\u6587", "score": 99, "tags": [2]}}, {"model": "blog.article", "pk": 25, "fields": {"title": "Python \u6559\u7a0b_5", "author": 3, "content": "Python \u6559\u7a0b_5 \u6b63\u6587", "score": 85, "tags": [2]}}, {"model": "blog.article", "pk": 26, "fields": {"title": "Python \u6559\u7a0b_6", "author": 3, "content": "Python \u6559\u7a0b_6 \u6b63\u6587", "score": 89, "tags": [2]}}, {"model": "blog.article", "pk": 27, "fields": {"title": "Python \u6559\u7a0b_7", "author": 3, "content": "Python \u6559\u7a0b_7 \u6b63\u6587", "score": 81, "tags": [2]}}, {"model": "blog.article", "pk": 28, "fields": {"title": "Python \u6559\u7a0b_8", "author": 3, "content": "Python \u6559\u7a0b_8 \u6b63\u6587", "score": 91, "tags": [2]}}, {"model": "blog.article", "pk": 29, "fields": {"title": "Python \u6559\u7a0b_9", "author": 3, "content": "Python \u6559\u7a0b_9 \u6b63\u6587", "score": 82, "tags": [2]}}, {"model": "blog.article", "pk": 30, "fields": {"title": "Python \u6559\u7a0b_10", "author": 3, "content": "Python \u6559\u7a0b_10 \u6b63\u6587", "score": 86, "tags": [2]}}, {"model": "blog.article", "pk": 31, "fields": {"title": "Python \u6559\u7a0b_11", "author": 3, "content": "Python \u6559\u7a0b_11 \u6b63\u6587", "score": 83, "tags": [2]}}, {"model": "blog.article", "pk": 32, "fields": {"title": "Python \u6559\u7a0b_12", "author": 3, "content": "Python \u6559\u7a0b_12 \u6b63\u6587", "score": 86, "tags": [2]}}, {"model": "blog.article", "pk": 33, "fields": {"title": "Python \u6559\u7a0b_13", "author": 3, "content": "Python \u6559\u7a0b_13 \u6b63\u6587", "score": 89, "tags": [2]}}, {"model": "blog.article", "pk": 34, "fields": {"title": "Python \u6559\u7a0b_14", "author": 3, "content": "Python \u6559\u7a0b_14 \u6b63\u6587", "score": 85, "tags": [2]}}, {"model": "blog.article", "pk": 35, "fields": {"title": "Python \u6559\u7a0b_15", "author": 3, "content": "Python \u6559\u7a0b_15 \u6b63\u6587", "score": 92, "tags": [2]}}, {"model": "blog.article", "pk": 36, "fields": {"title": "Python \u6559\u7a0b_16", "author": 3, "content": "Python \u6559\u7a0b_16 \u6b63\u6587", "score": 78, "tags": [2]}}, {"model": "blog.article", "pk": 37, "fields": {"title": "Python \u6559\u7a0b_17", "author": 3, "content": "Python \u6559\u7a0b_17 \u6b63\u6587", "score": 72, "tags": [2]}}, {"model": "blog.article", "pk": 38, "fields": {"title": "Python \u6559\u7a0b_18", "author": 3, "content": "Python \u6559\u7a0b_18 \u6b63\u6587", "score": 95, "tags": [2]}}, {"model": "blog.article", "pk": 39, "fields": {"title": "Python \u6559\u7a0b_19", "author": 3, "content": "Python \u6559\u7a0b_19 \u6b63\u6587", "score": 91, "tags": [2]}}, {"model": "blog.article", "pk": 40, "fields": {"title": "Python \u6559\u7a0b_20", "author": 3, "content": "Python \u6559\u7a0b_20 \u6b63\u6587", "score": 84, "tags": [2]}}, {"model": "blog.article", "pk": 41, "fields": {"title": "HTML \u6559\u7a0b_1", "author": 4, "content": "HTML \u6559\u7a0b_1 \u6b63\u6587", "score": 90, "tags": [3]}}, {"model": "blog.article", "pk": 42, "fields": {"title": "HTML \u6559\u7a0b_2", "author": 4, "content": "HTML \u6559\u7a0b_2 \u6b63\u6587", "score": 71, "tags": [3]}}, {"model": "blog.article", "pk": 43, "fields": {"title": "HTML \u6559\u7a0b_3", "author": 4, "content": "HTML \u6559\u7a0b_3 \u6b63\u6587", "score": 85, "tags": [3]}}, {"model": "blog.article", "pk": 44, "fields": {"title": "HTML \u6559\u7a0b_4", "author": 4, "content": "HTML \u6559\u7a0b_4 \u6b63\u6587", "score": 100, "tags": [3]}}, {"model": "blog.article", "pk": 45, "fields": {"title": "HTML \u6559\u7a0b_5", "author": 4, "content": "HTML \u6559\u7a0b_5 \u6b63\u6587", "score": 85, "tags": [3]}}, {"model": "blog.article", "pk": 46, "fields": {"title": "HTML \u6559\u7a0b_6", "author": 4, "content": "HTML \u6559\u7a0b_6 \u6b63\u6587", "score": 81, "tags": [3]}}, {"model": "blog.article", "pk": 47, "fields": {"title": "HTML \u6559\u7a0b_7", "author": 4, "content": "HTML \u6559\u7a0b_7 \u6b63\u6587", "score": 81, "tags": [3]}}, {"model": "blog.article", "pk": 48, "fields": {"title": "HTML \u6559\u7a0b_8", "author": 4, "content": "HTML \u6559\u7a0b_8 \u6b63\u6587", "score": 97, "tags": [3]}}, {"model": "blog.article", "pk": 49, "fields": {"title": "HTML \u6559\u7a0b_9", "author": 4, "content": "HTML \u6559\u7a0b_9 \u6b63\u6587", "score": 78, "tags": [3]}}, {"model": "blog.article", "pk": 50, "fields": {"title": "HTML \u6559\u7a0b_10", "author": 4, "content": "HTML \u6559\u7a0b_10 \u6b63\u6587", "score": 84, "tags": [3]}}, {"model": "blog.article", "pk": 51, "fields": {"title": "HTML \u6559\u7a0b_11", "author": 4, "content": "HTML \u6559\u7a0b_11 \u6b63\u6587", "score": 79, "tags": [3]}}, {"model": "blog.article", "pk": 52, "fields": {"title": "HTML \u6559\u7a0b_12", "author": 4, "content": "HTML \u6559\u7a0b_12 \u6b63\u6587", "score": 95, "tags": [3]}}, {"model": "blog.article", "pk": 53, "fields": {"title": "HTML \u6559\u7a0b_13", "author": 4, "content": "HTML \u6559\u7a0b_13 \u6b63\u6587", "score": 85, "tags": [3]}}, {"model": "blog.article", "pk": 54, "fields": {"title": "HTML \u6559\u7a0b_14", "author": 4, "content": "HTML \u6559\u7a0b_14 \u6b63\u6587", "score": 82, "tags": [3]}}, {"model": "blog.article", "pk": 55, "fields": {"title": "HTML \u6559\u7a0b_15", "author": 4, "content": "HTML \u6559\u7a0b_15 \u6b63\u6587", "score": 94, "tags": [3]}}, {"model": "blog.article", "pk": 56, "fields": {"title": "HTML \u6559\u7a0b_16", "author": 4, "content": "HTML \u6559\u7a0b_16 \u6b63\u6587", "score": 92, "tags": [3]}}, {"model": "blog.article", "pk": 57, "fields": {"title": "HTML \u6559\u7a0b_17", "author": 4, "content": "HTML \u6559\u7a0b_17 \u6b63\u6587", "score": 92, "tags": [3]}}, {"model": "blog.article", "pk": 58, "fields": {"title": "HTML \u6559\u7a0b_18", "author": 4, "content": "HTML \u6559\u7a0b_18 \u6b63\u6587", "score": 95, "tags": [3]}}, {"model": "blog.article", "pk": 59, "fields": {"title": "HTML \u6559\u7a0b_19", "author": 4, "content": "HTML \u6559\u7a0b_19 \u6b63\u6587", "score": 84, "tags": [3]}}, {"model": "blog.article", "pk": 60, "fields": {"title": "HTML \u6559\u7a0b_20", "author": 4, "content": "HTML \u6559\u7a0b_20 \u6b63\u6587", "score": 87, "tags": [3]}}, {"model": "blog.tag", "pk": 1, "fields": {"name": "Django"}}, {"model": "blog.tag", "pk": 2, "fields": {"name": "Python"}}, {"model": "blog.tag", "pk": 3, "fields": {"name": "HTML"}}, {"model": "auth.permission", "pk": 1, "fields": {"name": "Can add log entry", "content_type": 1, "codename": "add_logentry"}}, {"model": "auth.permission", "pk": 2, "fields": {"name": "Can change log entry", "content_type": 1, "codename": "change_logentry"}}, {"model": "auth.permission", "pk": 3, "fields": {"name": "Can delete log entry", "content_type": 1, "codename": "delete_logentry"}}, {"model": "auth.permission", "pk": 4, "fields": {"name": "Can add permission", "content_type": 2, "codename": "add_permission"}}, {"model": "auth.permission", "pk": 5, "fields": {"name": "Can change permission", "content_type": 2, "codename": "change_permission"}}, {"model": "auth.permission", "pk": 6, "fields": {"name": "Can delete permission", "content_type": 2, "codename": "delete_permission"}}, {"model": "auth.permission", "pk": 7, "fields": {"name": "Can add user", "content_type": 3, "codename": "add_user"}}, {"model": "auth.permission", "pk": 8, "fields": {"name": "Can change user", "content_type": 3, "codename": "change_user"}}, {"model": "auth.permission", "pk": 9, "fields": {"name": "Can delete user", "content_type": 3, "codename": "delete_user"}}, {"model": "auth.permission", "pk": 10, "fields": {"name": "Can add group", "content_type": 4, "codename": "add_group"}}, {"model": "auth.permission", "pk": 11, "fields": {"name": "Can change group", "content_type": 4, "codename": "change_group"}}, {"model": "auth.permission", "pk": 12, "fields": {"name": "Can delete group", "content_type": 4, "codename": "delete_group"}}, {"model": "auth.permission", "pk": 13, "fields": {"name": "Can add content type", "content_type": 5, "codename": "add_contenttype"}}, {"model": "auth.permission", "pk": 14, "fields": {"name": "Can change content type", "content_type": 5, "codename": "change_contenttype"}}, {"model": "auth.permission", "pk": 15, "fields": {"name": "Can delete content type", "content_type": 5, "codename": "delete_contenttype"}}, {"model": "auth.permission", "pk": 16, "fields": {"name": "Can add session", "content_type": 6, "codename": "add_session"}}, {"model": "auth.permission", "pk": 17, "fields": {"name": "Can change session", "content_type": 6, "codename": "change_session"}}, {"model": "auth.permission", "pk": 18, "fields": {"name": "Can delete session", "content_type": 6, "codename": "delete_session"}}, {"model": "auth.permission", "pk": 19, "fields": {"name": "Can add book", "content_type": 7, "codename": "add_book"}}, {"model": "auth.permission", "pk": 20, "fields": {"name": "Can change book", "content_type": 7, "codename": "change_book"}}, {"model": "auth.permission", "pk": 21, "fields": {"name": "Can delete book", "content_type": 7, "codename": "delete_book"}}, {"model": "auth.permission", "pk": 22, "fields": {"name": "Can add author", "content_type": 8, "codename": "add_author"}}, {"model": "auth.permission", "pk": 23, "fields": {"name": "Can change author", "content_type": 8, "codename": "change_author"}}, {"model": "auth.permission", "pk": 24, "fields": {"name": "Can delete author", "content_type": 8, "codename": "delete_author"}}, {"model": "auth.permission", "pk": 25, "fields": {"name": "Can add publisher", "content_type": 9, "codename": "add_publisher"}}, {"model": "auth.permission", "pk": 26, "fields": {"name": "Can change publisher", "content_type": 9, "codename": "change_publisher"}}, {"model": "auth.permission", "pk": 27, "fields": {"name": "Can delete publisher", "content_type": 9, "codename": "delete_publisher"}}, {"model": "auth.permission", "pk": 28, "fields": {"name": "Can add person", "content_type": 10, "codename": "add_person"}}, {"model": "auth.permission", "pk": 29, "fields": {"name": "Can change person", "content_type": 10, "codename": "change_person"}}, {"model": "auth.permission", "pk": 30, "fields": {"name": "Can delete person", "content_type": 10, "codename": "delete_person"}}, {"model": "auth.permission", "pk": 31, "fields": {"name": "Can add entry", "content_type": 11, "codename": "add_entry"}}, {"model": "auth.permission", "pk": 32, "fields": {"name": "Can change entry", "content_type": 11, "codename": "change_entry"}}, {"model": "auth.permission", "pk": 33, "fields": {"name": "Can delete entry", "content_type": 11, "codename": "delete_entry"}}, {"model": "auth.permission", "pk": 34, "fields": {"name": "Can add blog", "content_type": 12, "codename": "add_blog"}}, {"model": "auth.permission", "pk": 35, "fields": {"name": "Can change blog", "content_type": 12, "codename": "change_blog"}}, {"model": "auth.permission", "pk": 36, "fields": {"name": "Can delete blog", "content_type": 12, "codename": "delete_blog"}}, {"model": "auth.permission", "pk": 37, "fields": {"name": "Can add author", "content_type": 13, "codename": "add_author"}}, {"model": "auth.permission", "pk": 38, "fields": {"name": "Can change author", "content_type": 13, "codename": "change_author"}}, {"model": "auth.permission", "pk": 39, "fields": {"name": "Can delete author", "content_type": 13, "codename": "delete_author"}}, {"model": "auth.permission", "pk": 40, "fields": {"name": "Can add article", "content_type": 14, "codename": "add_article"}}, {"model": "auth.permission", "pk": 41, "fields": {"name": "Can change article", "content_type": 14, "codename": "change_article"}}, {"model": "auth.permission", "pk": 42, "fields": {"name": "Can delete article", "content_type": 14, "codename": "delete_article"}}, {"model": "auth.permission", "pk": 43, "fields": {"name": "Can add tag", "content_type": 15, "codename": "add_tag"}}, {"model": "auth.permission", "pk": 44, "fields": {"name": "Can change tag", "content_type": 15, "codename": "change_tag"}}, {"model": "auth.permission", "pk": 45, "fields": {"name": "Can delete tag", "content_type": 15, "codename": "delete_tag"}}, {"model": "auth.user", "pk": 1, "fields": {"password": "pbkdf2_sha256$36000$yLW8g3nzXfAH$ymrGz/alTc9F4k0+EYPGE0V8+N5M4D0ylVGK2i92/TM=", "last_login": "2017-11-09T01:46:47Z", "is_superuser": true, "username": "admin", "first_name": "", "last_name": "", "email": "zhongxiongjian@163.com", "is_staff": true, "is_active": true, "date_joined": "2017-09-26T05:04:24Z", "groups": [], "user_permissions": []}}, {"model": "auth.user", "pk": 2, "fields": {"password": "pbkdf2_sha256$36000$bCEg3yJQ0ffV$JVIG20ZsN7IzPKz4iREvSXBAx/wekoL96KdOy5wDdSs=", "last_login": null, "is_superuser": false, "username": "user", "first_name": "", "last_name": "", "email": "", "is_staff": true, "is_active": true, "date_joined": "2017-09-26T05:40:34Z", "groups": [], "user_permissions": []}}, {"model": "admin.logentry", "pk": 1, "fields": {"action_time": "2017-09-26T05:40:34Z", "user": 1, "content_type": 3, "object_id": "2", "object_repr": "user", "action_flag": 1, "change_message": "[{\"added\": {}}]"}}, {"model": "admin.logentry", "pk": 2, "fields": {"action_time": "2017-09-26T05:44:43Z", "user": 1, "content_type": 3, "object_id": "2", "object_repr": "user", "action_flag": 2, "change_message": "[]"}}, {"model": "admin.logentry", "pk": 3, "fields": {"action_time": "2017-09-26T05:44:55Z", "user": 1, "content_type": 3, "object_id": "2", "object_repr": "user", "action_flag": 2, "change_message": "[{\"changed\": {\"fields\": [\"is_staff\"]}}]"}}]